{
    "mean": 1.017356038093567,
    "std": 0.0006819968693889678,
    "n_images": 1757,
    "batch_size": 32,
    "splits": 10,
    "timestamp": "20241125_222550"
}