{
    "mean": 1.016454815864563,
    "std": 0.0008843386895023286,
    "n_images": 2048,
    "batch_size": 32,
    "splits": 10,
    "timestamp": "20241125_222425"
}