{
    "mean": 1.0159564018249512,
    "std": 0.0007044625235721469,
    "n_images": 4016,
    "batch_size": 32,
    "splits": 10,
    "timestamp": "20241125_222233"
}